,start,end,sequence,ref_strand,target_strand,num_mismatch,sequence_to_order
0,808513,808533,TCTAGTGTAGCCGTAGTTAG,1,-1,0,AGGCACTTGCTCGTACGACGGAAGACATTAGTCTAACTACGGCTACACTAGAGTTTTCGTCTTCTTAAGGTGCCGGGCCCACAT
1,808513,808533,ACTAGTGTAGCCGTAGTTAG,1,-1,1,AGGCACTTGCTCGTACGACGGAAGACATTAGTCTAACTACGGCTACACTAGTGTTTTCGTCTTCTTAAGGTGCCGGGCCCACAT
2,808513,808533,ATTAGTGTAGCCGTAGTTAG,1,-1,2,AGGCACTTGCTCGTACGACGGAAGACATTAGTCTAACTACGGCTACACTAATGTTTTCGTCTTCTTAAGGTGCCGGGCCCACAT
3,808513,808533,GGACGTGTAGCCGTAGTTAG,1,-1,4,AGGCACTTGCTCGTACGACGGAAGACATTAGTCTAACTACGGCTACACGTCCGTTTTCGTCTTCTTAAGGTGCCGGGCCCACAT
4,808513,808533,ATATCCAAAGCCGTAGTTAG,1,-1,8,AGGCACTTGCTCGTACGACGGAAGACATTAGTCTAACTACGGCTTTGGATATGTTTTCGTCTTCTTAAGGTGCCGGGCCCACAT
5,808513,808533,GGGCTCAAGCCCGTAGTTAG,1,-1,10,AGGCACTTGCTCGTACGACGGAAGACATTAGTCTAACTACGGGCTTGAGCCCGTTTTCGTCTTCTTAAGGTGCCGGGCCCACAT
6,808416,808436,AATTCTTGTTGAATTAGATG,-1,1,0,AGGCACTTGCTCGTACGACGGAAGACATTAGTCATCTAATTCAACAAGAATTGTTTTCGTCTTCTTAAGGTGCCGGGCCCACAT
7,808416,808436,TATTCTTGTTGAATTAGATG,-1,1,1,AGGCACTTGCTCGTACGACGGAAGACATTAGTCATCTAATTCAACAAGAATAGTTTTCGTCTTCTTAAGGTGCCGGGCCCACAT
8,808416,808436,CCTTCTTGTTGAATTAGATG,-1,1,2,AGGCACTTGCTCGTACGACGGAAGACATTAGTCATCTAATTCAACAAGAAGGGTTTTCGTCTTCTTAAGGTGCCGGGCCCACAT
9,808416,808436,GCACCTTGTTGAATTAGATG,-1,1,4,AGGCACTTGCTCGTACGACGGAAGACATTAGTCATCTAATTCAACAAGGTGCGTTTTCGTCTTCTTAAGGTGCCGGGCCCACAT
10,808416,808436,TCGCGACTTTGAATTAGATG,-1,1,8,AGGCACTTGCTCGTACGACGGAAGACATTAGTCATCTAATTCAAAGTCGCGAGTTTTCGTCTTCTTAAGGTGCCGGGCCCACAT
11,808416,808436,TCCAGACCGGGAATTAGATG,-1,1,10,AGGCACTTGCTCGTACGACGGAAGACATTAGTCATCTAATTCCCGGTCTGGAGTTTTCGTCTTCTTAAGGTGCCGGGCCCACAT
